{"cameraMode":{"drawMode":0,"name":"Shaded","section":"Shading Mode"},"sceneLighting":true,"audioPlay":false,"sceneViewState":{"m_AlwaysRefresh":false,"showFog":true,"showSkybox":true,"showFlares":true,"showImageEffects":true,"showParticleSystems":true,"showVisualEffectGraphs":true,"m_FxEnabled":true},"in2DMode":false,"pivot":{"x":-1.781899333000183,"y":12.62851619720459,"z":15.668007850646973},"rotation":{"x":-0.0013387117069214583,"y":0.8674030900001526,"z":-0.49757620692253115,"w":-0.0023431747686117889},"size":2.666025161743164,"orthographic":false}